insert into major values
('210', '信息安全'),
('211', '计算机科学与技术'),
('212', '通信工程');

insert into student values
('2016211257', '布昊天', '男', '1997', '浙江省', '2016', '210', 'pbkdf2:sha256:150000$pyPyYytB$f624265d0c7440a0bbdb8f6293bbf78c7d4c8fc006a4f1c4d1103e57f554bc07'),
('2016211239', '素承泽', '男', '1998', '黑龙江省', '2016', '210', 'pbkdf2:sha256:150000$DFJ6OkSt$d120f3bc3ce2ce672d8f180a3603ba23f13a1dd880d9eba38b1f27620b0a70eb'),
('2016211252', '考珺娅', '女', '1998', '重庆市', '2016', '210', 'pbkdf2:sha256:150000$F2wNnxko$e245dfa9f3adca5147874bd69a006da8e68324763738fd1cba9d769e3fb0e7ca'),
('2016211246', '支承教', '男', '1998', '河南省', '2016', '210', 'pbkdf2:sha256:150000$UNjQfEUJ$678e97302f3d15077f4550d5e30cd129b85b2fac0306266cf68ccef18f17a101'),
('2016211235', '唐雪卉', '男', '1998', '北京市', '2016', '210', 'pbkdf2:sha256:150000$mJ7OBbLx$5ac26f85fb1a819b6b77d58ecb756c85815ec9741cd0e6f6d821ccf359a4524b'),
('2016211258', '玄昊焱', '男', '1997', '宁夏省', '2016', '210', 'pbkdf2:sha256:150000$OnbCrdTY$3c69e98ce90fdecaab15668fc1b4cc835cf37f50ece5f423a09d489dc1be275b'),
('2016211237', '藏寒荷', '男', '1998', '河北省', '2016', '211', 'pbkdf2:sha256:150000$Fxoqf2bf$41d2794c4373dffe4b296bcd7323e20b65027908417a3bcc0db9a4bc345898a9'),
('2016211261', '薄水瑶', '女', '1998', '山西省', '2016', '211', 'pbkdf2:sha256:150000$aYx8jgQa$86809bd7b23902ba2edb725fbebe077a6912d5a28db5e1cf0f9a7fc6e80075a1'),
('2016211265', '仁宏达', '女', '1998', '新疆省', '2016', '211', 'pbkdf2:sha256:150000$LMqSX79Z$205fd932d9515ee3a5ba0b081fef8f271b51050a449d967e4c0ae649de371a2d'),
('2016211263', '冉迎丝', '女', '1998', '黑龙江省', '2016', '211', 'pbkdf2:sha256:150000$VI5TS38B$22db4ea5ecd03e199a20fa33a6c79a6b13d45965769c85f8bc7729068a95cc68'),
('2016210262', '督心诺', '女', '1998', '辽宁省', '2016', '211', 'pbkdf2:sha256:150000$OrrNgqbA$c5e694aa5205874904bd9339fbfa7fce853061922680a4dfa1d648cbff8fbf68'),
('2016210249', '似安青', '男', '1998', '湖南省', '2016', '211', 'pbkdf2:sha256:150000$5k9J7KWz$98a3ad169ed4c8bf65b5b2585110d0c5605adc900b584d32e5d6bf014e391abb'),
('2016210250', '象幼旋', '男', '1998', '广东省', '2016', '211', 'pbkdf2:sha256:150000$cu6XQ4Ay$c46768b201230c14bf8afb71ffbea39bec08ef72ce85b729a76c4589e43a9ddc'),
('2016210244', '顾曼音', '男', '1998', '江西省', '2016', '212', 'pbkdf2:sha256:150000$w2IgccPZ$319ec328700194590c583f3e178af93be8eb1f4f5090f073ea09810ae205a8d6'),
('2016210253', '谌幼', '男', '1998', '四川省', '2016', '212', 'pbkdf2:sha256:150000$eESSlA1Y$9888e15093647a29a93baa3f4157a53dbe8dda2e526fda65efe9362b8bd882c4'),
('2016212326', '宗飞荷', '男', '1998', '山东省', '2016', '212', 'pbkdf2:sha256:150000$UrGmZisZ$beaaa9ab3be51b60f3e6c00da4b5bf53c055dfa120ce80c3a7864d5d9f081dbe'),
('2016212241', '南宫又香', '男', '1998', '浙江省', '2016', '212', 'pbkdf2:sha256:150000$h9edjELj$22edfdc178b5237e4cd25c6f24176c234dea3e4035267377b7995dc383661d7a'),
('2016212256', '水凡巧', '男', '1997', '甘肃省', '2016', '212', 'pbkdf2:sha256:150000$pL2UBsrU$dcc2d21ab8069e96662f75cb51dbeafc2240d59fa4e1e612ef9cbfedcc9603aa'),
('2016212264', '偶兴平', '女', '1998', '广西省', '2016', '212', 'pbkdf2:sha256:150000$usP122s5$8279428d6beaf0476ef9d65b9207f9beab823e191a42758d8f53b8f2323968dd'),
('2016212255', '苍一禾','男', '1996', '陕西省', '2016', '212', 'pbkdf2:sha256:150000$hjSh0k2Q$e04fdddc5008e9956df8e70b949b163b02311748fc115448f577ddedb84076f0');


insert into teacher values
('00001' , '晏白卉', '女', '1970', 'pbkdf2:sha256:150000$AeM3pggJ$9c0b6909b259369548521a3dbe79fe1935c77132b169d77ef1e66f9d5d795ed6'),
('00002' , '门俊楠', '男', '1971', 'pbkdf2:sha256:150000$jqt7NswK$dbf8afc3b6a0bc833ba9b28578945bbb6186a35f7ec7ae6a3c059909135e21e2'),
('00003' , '侨嫣', '男', '1972', 'pbkdf2:sha256:150000$0Y4t7COW$2a455bbb968691e1c88f089ffc80c90053cef5406e7a3933c56563b7a72f3e45'),
('00004' , '藤丽雅', '男', '1973', 'pbkdf2:sha256:150000$94V4m1eA$3edaf549bb560278a22d36416c78bf54762840d47238e5a755fc018cadcf358d'),
('00005' , '尹盼香', '女', '1974', 'pbkdf2:sha256:150000$vhS05WHD$505b24e752e699051ab92ac1903a09519b92fa9abd27a173300a2970dbdadf95'),
('00006' , '丙淳雅', '女', '1975', 'pbkdf2:sha256:150000$h4XH5Zmh$0809312e3b5bf4aeef71e40a11e6e08df299b2f04bb4734adb4cd89d9a9e60a2'),
('00007' , '旷曼梅', '男', '1976', 'pbkdf2:sha256:150000$zdFOOBnp$67370b07b0018fae57c2225781c0b486571d67776a1733b061056654c2790c2a'),
('00008' , '羿晶晶', '男', '1977', 'pbkdf2:sha256:150000$aKTQFzNy$99cc9287bc1908264b3cd2b9d52ca8bae0c16a8173ae890e19ea93e65504d134'),
('00009' , '阙寄云', '女', '1978', 'pbkdf2:sha256:150000$gLPBmwGI$c7bf242b751e89e67a4a0c4b2710b40ba7a82f185fb374fd01b78c1cecb8db37'),
('00010' , '鲜于建业', '男', '1979', 'pbkdf2:sha256:150000$oOLGzWN6$81cf7a472dcdb6073ad53eea7bbff1b7328a27e6bd8d4debb144f5b1f3305fcb'),
('00011' , '徐乐蕊', '男', '1980', 'pbkdf2:sha256:150000$NlDL2ubt$b3bbc1f589ef441f9d9f3475caf1a252811aa7dde5eb66ac293404300a70b80d'),
('00012' , '长仪芳', '男', '1981', 'pbkdf2:sha256:150000$VEh9oJRN$6b84b0c0017144ee2d503d5d52a3f8a8f28442bd3a97695e3775cb46e1318854'),
('00013' , '匡适', '男', '1982', 'pbkdf2:sha256:150000$bFSGVusE$e7ecbd57ef721b7fcbf4d8d1698f81111c500fcf851e775647a8a58917423b71'),
('00014' , '穰淡', '男', '1983', 'pbkdf2:sha256:150000$E6BMrz1P$fcce112be4d0767a65cd1f51f422b93c2d107213ab4c30b35e79295501f4aa22'),
('00015' , '典笛', '女', '1984', 'pbkdf2:sha256:150000$2rICjiWp$102a5c3395f8e2c0106b273583c2da0d6ab922408daacb1211072e0e82c6cadf'),
('00016' , '锁天睿', '男', '1985', 'pbkdf2:sha256:150000$ZgvvgoJw$20e6005b323f14ab30023964fce51f8c1b3f29c16ea6c0ee47a29323f1554c40'),
('00017' , '梁丘寻桃', '男', '1970', 'pbkdf2:sha256:150000$4ijihZke$7ad1a39d41f9f7c9316674f04cf02a9f988494d5d3771a169f0012c4e1c4c4d7'),
('00018' , '续丝柳', '女', '1971', 'pbkdf2:sha256:150000$MFq61dRz$a79062cdd153425cc5cb33d32e7820ecde0dbeb0b0886058cb297d3a71f0f1ce'),
('00019' , '愚子怡', '男', '1972', 'pbkdf2:sha256:150000$lQe9tC8O$c89c4d928b53d6a48562959ff18816a7b924d4b42ed74fd17c1dfde8abdca2bf'),
('00020' , '昝易真', '男', '1973', 'pbkdf2:sha256:150000$G70WUUhD$c6f78699203bae23ecd70d88082d5c1a8f7c0eddd8254eca422ee674c62ca4ac'),
('00021' , '卫萝', '女', '1974', 'pbkdf2:sha256:150000$5OuoY7mN$acaaee2a03245b6d95fdb7da05a3075f49f63dfc44f884a0a2c73c4b76cd42ad'),
('00022' , '宁雅青', '男', '1975', 'pbkdf2:sha256:150000$h2RKPTKp$4b279252bf4c42ac17b889983d370a02d13e65751f380d9dcdd7d61bf2dbeda6'),
('00023' , '粟俊喆', '男', '1976', 'pbkdf2:sha256:150000$w8ssOSPW$47ef6ce8d334d992a3d745a2a843fa265a6129c2082f75815e63980bd32d0289'),
('00024' , '宏绮艳', '女', '1977', 'pbkdf2:sha256:150000$Eb1T4Odh$d38c100741e03f81ec5ade79a8b6259e3cc62b6cdaf442eedbd22b193359cfbd');


insert into course values
('00001', '数据库系统原理', '2019', '春', '00001', 3),
('00002', '计算机系统结构', '2019', '春', '00002', 3),
('00003', '现代交换原理', '2019', '春', '00003', 3),
('00004', '软件工程', '2019', '春', '00004', 3),
('00005', '通信原理', '2018', '秋', '00005', 4),
('00006', '编译原理与技术', '2018', '秋', '00006', 4),
('00007', '操作系统', '2018', '秋', '00007', 4),
('00008', '微机系统与接口技术', '2018', '秋', '00008', 4),
('00009', '计算机网络', '2018', '春', '00009', 4),
('00010', '计算机组成原理', '2018', '春', '00010', 5),
('00011', '算法设计与分析', '2018', '春', '00011', 2),
('00012', '形式语言与自动机', '2018', '春', '00012', 2),
('00013', '离散数学', '2017', '秋', '00013', 6),
('00014', '算法与数据结构', '2017', '秋', '00014', 5),
('00015', '毛泽东思想概论', '2017', '秋', '00015', 4),
('00016', '数字逻辑', '2017', '秋', '00016', 4),
('00017', '电路与电子学', '2017', '春', '00017', 3),
('00018', '数学分析', '2017', '春', '00018', 10),
('00019', '高等数学', '2017', '春', '00019', 10),
('00020', '大学物理', '2017', '春', '00020', 4),
('00021', '思想道德修养', '2016', '秋', '00021', 3),
('00022', '中国近代史纲要', '2016', '秋', '00022', 2),
('00023', '线性代数', '2016', '秋', '00023', 3),
('00024', '大学英语', '2016', '秋', '00024', 3);



insert into major_course values
('210', '00001'),
('210', '00002'),
('210', '00005'),
('210', '00006'),
('210', '00009'),
('210', '00010'),
('210', '00013'),
('210', '00014'),
('210', '00017'),
('210', '00018'),
('210', '00021'),
('210', '00022'),
('211', '00002'),
('211', '00003'),
('211', '00006'),
('211', '00007'),
('211', '00010'),
('211', '00011'),
('211', '00014'),
('211', '00015'),
('211', '00018'),
('211', '00019'),
('211', '00022'),
('211', '00023'),
('212', '00003'),
('212', '00004'),
('212', '00007'),
('212', '00008'),
('212', '00011'),
('212', '00012'),
('212', '00015'),
('212', '00016'),
('212', '00019'),
('212', '00020'),
('212', '00023'),
('212', '00024');
